Модель,Ссылка,Цена,Харак-ки,Оценки
Ikon (Nokian Tyres) Autograph Eco 3,https://omsk.shinservice.ru//catalog/ikon-tyres/summer/autograph-eco-3/175-70-R14/88T/?idx=1659689,6 180 ₽,175/70 R14 88T XL,4.8 57 отзывов
Pirelli P Zero,https://omsk.shinservice.ru//catalog/pirelli/summer/pzero/255-40-R19/96Y/?idx=1025439,30 340 ₽,255/40 R19 96Y ,5.0 5 отзывов
Formula Ice,https://omsk.shinservice.ru//catalog/formula/winter/formula_ice/235-55-R18/104T/?idx=1620215,14 270 ₽,235/55 R18 104T XL,4.9 54 отзыва
Gislaved Nord Frost 200,https://omsk.shinservice.ru//catalog/gislaved/winter/nordfrost200/185-65-R14/90T/?idx=807272,6 150 ₽,185/65 R14 90T XL,4.8 17 отзывов
Cordiant Winter Drive,https://omsk.shinservice.ru//catalog/cordiant/winter/winter_drive/185-60-R14/82T/?idx=697774,5 090 ₽,185/60 R14 82T ,4.8 16 отзывов
Torero (Matador) MP-47 Hectorra 3,https://omsk.shinservice.ru//catalog/torero/summer/mp-47/185-65-R14/86T/?idx=1676257,4 740 ₽,185/65 R14 86T ,5.0 1 отзыв
Kumho Power Grip KC11,https://omsk.shinservice.ru//catalog/kumho/winter/kc11/235-85-R16/120-116Q/?idx=672202,20 210 ₽,235/85 R16 120/116Q 10PR,5.0 1 отзыв
Hankook I* Pike RW11,https://omsk.shinservice.ru//catalog/hankook/winter/winter_i_pike_rw11/245-55-R19/107T/?idx=802556,15 040 ₽,245/55 R19 107T ,5.0 3 отзыва
Hankook Ventus S1 Evo2 SUV K117A,https://omsk.shinservice.ru//catalog/hankook/summer/ventuss1evo2suvk117a/235-65-R17/104W/ao/?idx=868631,13 710 ₽,235/65 R17 104W ,Нет оценок Нет отзывов
Pirelli P Zero,https://omsk.shinservice.ru//catalog/pirelli/summer/pzero/265-35-R18/97Y/mo/?idx=671276,28 440 ₽,265/35 R18 97Y XL,5.0 5 отзывов
Kumho ECSTA KH11,https://omsk.shinservice.ru//catalog/kumho/summer/ecsta_kh11/175-55-R15/77T/?idx=157854,6 650 ₽,175/55 R15 77T ,5.0 1 отзыв
Ikon (Nokian Tyres) Character Ultra (Nordman SZ2),https://omsk.shinservice.ru//catalog/ikon-tyres/summer/character-ultra/205-55-R16/94V/?idx=1918089,6 690 ₽,205/55 R16 94V XL,4.7 19 отзывов
Kumho Ecowing ES31,https://omsk.shinservice.ru//catalog/kumho/summer/ecowing-es31/195-60-R15/88H/?idx=836478,6 510 ₽,195/60 R15 88H ,4.9 55 отзывов
Hankook Ventus S1 Evo3 K127 SUV,https://omsk.shinservice.ru//catalog/hankook/summer/ventus-s1-evo3k127-suv/235-55-R19/105W/?idx=1026844,19 100 ₽,235/55 R19 105W ,4.5 11 отзывов
Ikon (Nokian Tyres) Character Aqua SUV (Nordman S2 SUV),https://omsk.shinservice.ru//catalog/ikon-tyres/summer/character-aqua-suv/235-75-R16/108T/?idx=1918050,11 870 ₽,235/75 R16 108T ,4.8 48 отзывов
Hankook Ventus Prime2 K115,https://omsk.shinservice.ru//catalog/hankook/summer/ventus_prime2_k115/215-50-R17/91V/?idx=803653,10 340 ₽,215/50 R17 91V ,Нет оценок Нет отзывов
Kumho Road Venture AT52,https://omsk.shinservice.ru//catalog/kumho/summer/road-venture-at52/255-70-R18/113T/?idx=1616874,19 380 ₽,255/70 R18 113T ,4.0 3 отзыва
Formula Energy,https://omsk.shinservice.ru//catalog/formula/summer/formula_energy/235-65-R17/108V/?idx=1669758,9 770 ₽,235/65 R17 108V XL,4.8 102 отзыва
Kumho ECSTA PS91,https://omsk.shinservice.ru//catalog/kumho/summer/ecstaps91/225-45-R18/95Y/?idx=692727,13 520 ₽,225/45 R18 95Y XL,4.9 18 отзывов
Hankook Ventus S1 Evo3 K127,https://omsk.shinservice.ru//catalog/hankook/summer/ventus_s1evo3k127/295-30-R20/101Y/?idx=868669,30 820 ₽,295/30 R20 101Y ,4.1 8 отзывов
Hankook Ventus S1 Evo3 K127 SUV,https://omsk.shinservice.ru//catalog/hankook/summer/ventus-s1-evo3k127-suv/265-55-R19/113W/?idx=1026848,27 350 ₽,265/55 R19 113W ,4.5 11 отзывов
Hankook Ventus Prime4 K135,https://omsk.shinservice.ru//catalog/hankook/summer/ventus-prime4-k135/225-45-R17/91Y/?idx=1384836,9 830 ₽,225/45 R17 91Y XL,4.8 24 отзыва
Pirelli P Zero Gen-2,https://omsk.shinservice.ru//catalog/pirelli/summer/pzero_gen2/225-45-R18/95Y/?idx=820015,28 980 ₽,225/45 R18 95Y XL,5.0 6 отзывов
Pirelli P Zero,https://omsk.shinservice.ru//catalog/pirelli/summer/pzero/295-35-R20/105Y/n1/?idx=694902,49 540 ₽,295/35 R20 105Y XL,5.0 5 отзывов
Ikon (Nokian Tyres) Autograph Eco 3,https://omsk.shinservice.ru//catalog/ikon-tyres/summer/autograph-eco-3/195-50-R15/82V/?idx=1659706,5 860 ₽,195/50 R15 82V ,4.8 57 отзывов
Ikon (Nokian Tyres) Autograph Ultra 2,https://omsk.shinservice.ru//catalog/ikon-tyres/summer/autograph-ultra-2/255-40-R19/100Y/?idx=1659739,22 650 ₽,255/40 R19 100Y XL,5.0 15 отзывов
Kumho Road Venture AT52,https://omsk.shinservice.ru//catalog/kumho/summer/road-venture-at52/245-70-R16/111T/?idx=1839848,13 660 ₽,245/70 R16 111T XL,4.0 3 отзыва
Kumho Crugen HP71,https://omsk.shinservice.ru//catalog/kumho/summer/crugen-hp71/235-55-R20/102H/?idx=1094955,21 090 ₽,235/55 R20 102H ,4.3 14 отзывов
Hankook Ventus S1 Evo3 K127,https://omsk.shinservice.ru//catalog/hankook/summer/ventus_s1evo3k127/265-35-R20/99Y/?idx=868665,31 740 ₽,265/35 R20 99Y ,4.1 8 отзывов
Kumho Crugen HP91,https://omsk.shinservice.ru//catalog/kumho/summer/crugenhp91/265-50-R19/110Y/?idx=692675,17 810 ₽,265/50 R19 110Y ,5.0 18 отзывов
Ikon (Nokian Tyres) Character Aqua SUV (Nordman S2 SUV),https://omsk.shinservice.ru//catalog/ikon-tyres/summer/character-aqua-suv/215-60-R17/96H/?idx=1918060,11 710 ₽,215/60 R17 96H ,4.8 48 отзывов
Kumho HA32,https://omsk.shinservice.ru//catalog/kumho/summer/ha32/185-55-R16/87V/?idx=1293792,10 260 ₽,185/55 R16 87V ,5.0 1 отзыв
Kumho Crugen HP71,https://omsk.shinservice.ru//catalog/kumho/summer/crugen-hp71/255-50-R20/109V/?idx=977244,21 270 ₽,255/50 R20 109V XL,4.3 14 отзывов
Kumho Road Venture MT KL71,https://omsk.shinservice.ru//catalog/kumho/summer/road_venture_mt_kl71/235-75-R15/104-101Q/?idx=658941,17 830 ₽,235/75 R15 104/101Q ,5.0 2 отзыва
Hankook Ventus evo K137,https://omsk.shinservice.ru//catalog/hankook/summer/ventus-evo-k137/225-40-R19/93Y/?idx=1932310,20 680 ₽,225/40 R19 93Y XL,Нет оценок Нет отзывов
Pirelli Scorpion Verde,https://omsk.shinservice.ru//catalog/pirelli/summer/scorpion_verde/225-65-R17/102H/?idx=1669467,12 030 ₽,225/65 R17 102H ,4.9 28 отзывов
Kumho Crugen HP71,https://omsk.shinservice.ru//catalog/kumho/summer/crugen-hp71/235-55-R17/103V/?idx=977207,13 390 ₽,235/55 R17 103V ,4.3 14 отзывов
Cordiant Run Tour,https://omsk.shinservice.ru//catalog/cordiant/summer/run-tour/205-60-R16/96H/?idx=1919039,6 430 ₽,205/60 R16 96H XL,5.0 2 отзыва
Hankook Ventus S1 Evo3 K127,https://omsk.shinservice.ru//catalog/hankook/summer/ventus_s1evo3k127/295-30-R21/102Y/?idx=1112609,35 050 ₽,295/30 R21 102Y XL,4.1 8 отзывов
Ikon (Nokian Tyres) Autograph Ultra 2 SUV,https://omsk.shinservice.ru//catalog/ikon-tyres/summer/autograph-ultra-2-suv/255-50-R19/107W/?idx=1659774,21 770 ₽,255/50 R19 107W XL,4.8 16 отзывов
Kumho Ecsta HS52,https://omsk.shinservice.ru//catalog/kumho/summer/ecsta-hs52/205-50-R17/93W/?idx=1616679,9 560 ₽,205/50 R17 93W XL,5.0 28 отзывов
Hankook Ventus S1 Evo3 K127,https://omsk.shinservice.ru//catalog/hankook/summer/ventus_s1evo3k127/245-50-R19/105Y/?idx=1026826,24 250 ₽,245/50 R19 105Y ,4.1 8 отзывов
Kumho ECSTA PS91,https://omsk.shinservice.ru//catalog/kumho/summer/ecstaps91/275-40-R18/103Y/?idx=692898,22 870 ₽,275/40 R18 103Y XL,4.9 18 отзывов
Kumho PS72 Ecsta Sport,https://omsk.shinservice.ru//catalog/kumho/summer/ps72-ecsta-sport/275-40-R19/105Y/?idx=1839937,20 300 ₽,275/40 R19 105Y XL,5.0 1 отзыв
Hankook Ventus S1 Evo3 K127 SUV,https://omsk.shinservice.ru//catalog/hankook/summer/ventus-s1-evo3k127-suv/295-35-R23/108Y/ao/?idx=1026903,42 540 ₽,295/35 R23 108Y ,4.5 11 отзывов
Kumho Road Venture AT61,https://omsk.shinservice.ru//catalog/kumho/summer/roadventure-at61/205-75-R15/97S/?idx=836540,9 260 ₽,205/75 R15 97S ,Нет оценок Нет отзывов
Hankook iON evo IK01,https://omsk.shinservice.ru//catalog/hankook/summer/ion-evo-ik01/235-45-R18/98W/?idx=1682520,20 420 ₽,235/45 R18 98W XL,5.0 1 отзыв
Kumho Ecsta PS71,https://omsk.shinservice.ru//catalog/kumho/summer/ps71/315-35-R22/111Y/?idx=1615454,40 110 ₽,315/35 R22 111Y XL,4.7 53 отзыва
Ikon (Nokian Tyres) Nordman SX3 (Character Eco),https://omsk.shinservice.ru//catalog/ikon-tyres/summer/nordman-sx3/205-60-R16/92H/?idx=1659829,6 670 ₽,205/60 R16 92H ,4.8 58 отзывов
Ikon (Nokian Tyres) Autograph Aqua 3 SUV,https://omsk.shinservice.ru//catalog/ikon-tyres/summer/autograph-aqua-3-suv/235-50-R19/99V/?idx=1918025,18 250 ₽,235/50 R19 99V ,4.9 41 отзыв
Hankook Ventus Prime4 K135,https://omsk.shinservice.ru//catalog/hankook/summer/ventus-prime4-k135/205-50-R17/93W/?idx=1682491,10 580 ₽,205/50 R17 93W XL,4.8 24 отзыва
Formula Energy,https://omsk.shinservice.ru//catalog/formula/summer/formula_energy/195-55-R15/85V/?idx=1669767,6 200 ₽,195/55 R15 85V ,4.8 102 отзыва
Pirelli P ZERO PZ4 SPORTS CAR,https://omsk.shinservice.ru//catalog/pirelli/summer/p-zero-pz4-sport-car/275-40-R22/107Y/?idx=1353895,57 950 ₽,275/40 R22 107Y XL,5.0 10 отзывов
Cordiant Run Tour,https://omsk.shinservice.ru//catalog/cordiant/summer/run-tour/185-60-R14/86H/?idx=1919033,4 260 ₽,185/60 R14 86H XL,5.0 2 отзыва
Ikon (Nokian Tyres) Character Ultra (Nordman SZ2),https://omsk.shinservice.ru//catalog/ikon-tyres/summer/character-ultra/235-50-R18/97V/?idx=1918047,12 800 ₽,235/50 R18 97V ,4.7 19 отзывов
Kumho Solus KH17,https://omsk.shinservice.ru//catalog/kumho/summer/solus_kh17/135-80-R13/70T/?idx=659135,4 650 ₽,135/80 R13 70T ,5.0 3 отзыва
Pirelli P Zero,https://omsk.shinservice.ru//catalog/pirelli/summer/pzero/245-40-R18/97Y/mo/?idx=681381,26 740 ₽,245/40 R18 97Y XL,5.0 5 отзывов
Gislaved UltraControl,https://omsk.shinservice.ru//catalog/gislaved/summer/ultracontrol/175-65-R14/82T/?idx=1671241,5 990 ₽,175/65 R14 82T ,Нет оценок Нет отзывов
Formula Energy,https://omsk.shinservice.ru//catalog/formula/summer/formula_energy/205-55-R16/91V/?idx=1669761,5 680 ₽,205/55 R16 91V ,4.8 102 отзыва
Hankook Ventus S1 Evo3 K127 SUV,https://omsk.shinservice.ru//catalog/hankook/summer/ventus-s1-evo3k127-suv/255-45-R20/105Y/?idx=1026857,26 050 ₽,255/45 R20 105Y ,4.5 11 отзывов
Hankook Optimo Kinergy Eco 2 K435,https://omsk.shinservice.ru//catalog/hankook/summer/optimo_kinergy_eco2k435/185-60-R14/82H/?idx=1682468,5 590 ₽,185/60 R14 82H ,4.1 8 отзывов
Hankook Ventus S1 Evo2 K117,https://omsk.shinservice.ru//catalog/hankook/summer/ventuss1evo2k117/225-50-R17/98Y/?idx=1932270,12 810 ₽,225/50 R17 98Y XL,Нет оценок Нет отзывов
Ikon (Nokian Tyres) Autograph Eco 3,https://omsk.shinservice.ru//catalog/ikon-tyres/summer/autograph-eco-3/215-55-R18/99V/?idx=1659710,12 660 ₽,215/55 R18 99V XL,4.8 57 отзывов
Hankook Dynapro HP2 RA33,https://omsk.shinservice.ru//catalog/hankook/summer/dynaprohp2ra33/235-55-R18/100H/?idx=1682524,15 000 ₽,235/55 R18 100H ,5.0 8 отзывов
Kumho Ecowing ES31,https://omsk.shinservice.ru//catalog/kumho/summer/ecowing-es31/155-65-R13/73T/?idx=836464,4 410 ₽,155/65 R13 73T ,4.9 55 отзывов
Hankook Optimo Kinergy Eco 2 K435,https://omsk.shinservice.ru//catalog/hankook/summer/optimo_kinergy_eco2k435/145-65-R15/72T/?idx=1932179,5 620 ₽,145/65 R15 72T ,4.1 8 отзывов
Cordiant Sport 3,https://omsk.shinservice.ru//catalog/cordiant/summer/sport_3/215-55-R17/98V/?idx=997336,7 920 ₽,215/55 R17 98V ,4.9 41 отзыв
Hankook Ventus Prime2 K115,https://omsk.shinservice.ru//catalog/hankook/summer/ventus_prime2_k115/215-50-R17/91V/?idx=803653,10 340 ₽,215/50 R17 91V ,Нет оценок Нет отзывов
Kumho Crugen HP71,https://omsk.shinservice.ru//catalog/kumho/summer/crugen-hp71/235-65-R17/104V/?idx=876972,12 470 ₽,235/65 R17 104V ,4.3 14 отзывов
Ikon (Nokian Tyres) Nordman SZ2 (Character Ultra),https://omsk.shinservice.ru//catalog/ikon-tyres/summer/itnordman_sz2/225-45-R17/94W/?idx=1659843,8 650 ₽,225/45 R17 94W XL,4.7 19 отзывов
Kumho ECSTA PS91,https://omsk.shinservice.ru//catalog/kumho/summer/ecstaps91/255-40-R18/99Y/?idx=801103,19 080 ₽,255/40 R18 99Y XL,4.9 18 отзывов
Ikon (Nokian Tyres) Nordman SZ2 (Character Ultra),https://omsk.shinservice.ru//catalog/ikon-tyres/summer/itnordman_sz2/225-45-R18/95W/?idx=1659848,12 880 ₽,225/45 R18 95W XL,4.7 19 отзывов
Kumho Ecsta HS52,https://omsk.shinservice.ru//catalog/kumho/summer/ecsta-hs52/185-55-R15/82V/?idx=1677788,6 600 ₽,185/55 R15 82V ,5.0 28 отзывов
Kumho Ecsta HS52,https://omsk.shinservice.ru//catalog/kumho/summer/ecsta-hs52/225-55-R16/99W/?idx=1094924,10 630 ₽,225/55 R16 99W XL,5.0 28 отзывов
Pirelli P Zero,https://omsk.shinservice.ru//catalog/pirelli/summer/pzero/225-40-R18/92W/moe/?idx=689377,20 900 ₽,225/40 R18 92W XL,5.0 5 отзывов
Kumho PS72  Ecsta Sport S,https://omsk.shinservice.ru//catalog/kumho/summer/ps72-ecsta-sport-s1/265-35-R21/101Y/?idx=1839958,26 720 ₽,265/35 R21 101Y XL,Нет оценок Нет отзывов
Ikon (Nokian Tyres) Autograph Aqua 3 SUV,https://omsk.shinservice.ru//catalog/ikon-tyres/summer/autograph-aqua-3-suv/235-55-R17/103V/?idx=1659760,14 560 ₽,235/55 R17 103V XL,4.9 41 отзыв
Ikon (Nokian Tyres) Nordman SZ2 (Character Ultra),https://omsk.shinservice.ru//catalog/ikon-tyres/summer/itnordman_sz2/245-45-R18/100W/?idx=1659850,14 710 ₽,245/45 R18 100W XL,4.7 19 отзывов
Kumho Crugen HP71,https://omsk.shinservice.ru//catalog/kumho/summer/crugen-hp71/235-55-R20/102H/?idx=1094955,21 090 ₽,235/55 R20 102H ,4.3 14 отзывов
Kumho Ecsta PS71,https://omsk.shinservice.ru//catalog/kumho/summer/ps71/265-35-R18/97Y/?idx=836512,17 590 ₽,265/35 R18 97Y XL,4.7 53 отзыва
Hankook Optimo Kinergy Eco 2 K435,https://omsk.shinservice.ru//catalog/hankook/summer/optimo_kinergy_eco2k435/185-60-R15/84H/?idx=659890,6 070 ₽,185/60 R15 84H ,4.1 8 отзывов
Pirelli Scorpion Verde,https://omsk.shinservice.ru//catalog/pirelli/summer/scorpion_verde/225-60-R18/100H/?idx=1669437,15 350 ₽,225/60 R18 100H ,4.9 28 отзывов
Pirelli Cinturato P1,https://omsk.shinservice.ru//catalog/pirelli/summer/cinturato_p1/195-55-R15/85H/?idx=1669482,7 500 ₽,195/55 R15 85H ,4.9 25 отзывов
Pirelli Scorpion ATR,https://omsk.shinservice.ru//catalog/pirelli/summer/scorpion_atr/185-75-R16/93T/?idx=1669480,7 250 ₽,185/75 R16 93T ,Нет оценок Нет отзывов
Cordiant Road Runner,https://omsk.shinservice.ru//catalog/cordiant/summer/roadrunner1/195-65-R15/91H/?idx=694647,4 790 ₽,195/65 R15 91H ,4.7 19 отзывов
Hankook Optimo Kinergy Eco 2 K435,https://omsk.shinservice.ru//catalog/hankook/summer/optimo_kinergy_eco2k435/185-65-R14/86H/?idx=1682469,5 860 ₽,185/65 R14 86H ,4.1 8 отзывов
Kumho ECSTA PS91,https://omsk.shinservice.ru//catalog/kumho/summer/ecstaps91/255-40-R18/99Y/?idx=801103,19 080 ₽,255/40 R18 99Y XL,4.9 18 отзывов
Ikon (Nokian Tyres) Autograph Aqua 3,https://omsk.shinservice.ru//catalog/ikon-tyres/summer/autograph-aqua-3/215-55-R16/97W/?idx=1659717,11 970 ₽,215/55 R16 97W XL,4.8 46 отзывов
Pirelli Scorpion Verde,https://omsk.shinservice.ru//catalog/pirelli/summer/scorpion_verde/235-55-R19/101V/moe/?idx=807145,29 860 ₽,235/55 R19 101V ,4.9 28 отзывов
Formula Energy,https://omsk.shinservice.ru//catalog/formula/summer/formula_energy/235-65-R17/108V/?idx=1669758,9 770 ₽,235/65 R17 108V XL,4.8 102 отзыва
Ikon (Nokian Tyres) Nordman S2 SUV (Character Aqua SUV),https://omsk.shinservice.ru//catalog/ikon-tyres/summer/nordman-s2-suv/245-70-R16/107T/?idx=1659856,10 970 ₽,245/70 R16 107T ,4.9 45 отзывов
Cordiant Sport 3,https://omsk.shinservice.ru//catalog/cordiant/summer/sport_3/255-55-R18/109V/?idx=1192419,11 030 ₽,255/55 R18 109V ,4.9 41 отзыв
Hankook Kinergy 4S2 H750,https://omsk.shinservice.ru//catalog/hankook/summer/kinergy-4s2-h750/235-55-R19/105W/?idx=1682536,18 650 ₽,235/55 R19 105W XL,Нет оценок Нет отзывов
Hankook Optimo Kinergy Eco 2 K435,https://omsk.shinservice.ru//catalog/hankook/summer/optimo_kinergy_eco2k435/175-70-R14/88T/?idx=1384796,5 570 ₽,175/70 R14 88T XL,4.1 8 отзывов
Cordiant Comfort 2,https://omsk.shinservice.ru//catalog/cordiant/summer/comfort_2/205-65-R15/99H/?idx=837957,5 860 ₽,205/65 R15 99H ,4.4 46 отзывов
Hankook Ventus S1 Evo3 K127,https://omsk.shinservice.ru//catalog/hankook/summer/ventus_s1evo3k127/255-35-R19/96Y/?idx=868652,22 930 ₽,255/35 R19 96Y ,4.1 8 отзывов
Torero (Matador) MP-82 CONQUERRA 2,https://omsk.shinservice.ru//catalog/torero/summer/mp82-conquerra-2/215-60-R17/96H/?idx=1676277,9 570 ₽,215/60 R17 96H ,Нет оценок Нет отзывов
Formula Energy,https://omsk.shinservice.ru//catalog/formula/summer/formula_energy/225-60-R18/100H/?idx=1669754,10 590 ₽,225/60 R18 100H ,4.8 102 отзыва
Hankook Ventus S1 Evo3 K127,https://omsk.shinservice.ru//catalog/hankook/summer/ventus_s1evo3k127/255-40-R19/100Y/?idx=929620,21 380 ₽,255/40 R19 100Y XL,4.1 8 отзывов
Pirelli Powergy,https://omsk.shinservice.ru//catalog/pirelli/summer/powergy/215-50-R18/92W/?idx=1025471,17 430 ₽,215/50 R18 92W ,4.5 39 отзывов
Ikon (Nokian Tyres) Autograph Aqua 3,https://omsk.shinservice.ru//catalog/ikon-tyres/summer/autograph-aqua-3/195-50-R15/86V/?idx=1659712,6 410 ₽,195/50 R15 86V XL,4.8 46 отзывов
Cordiant Off Road,https://omsk.shinservice.ru//catalog/cordiant/summer/off_road/225-75-R16/104Q/?idx=694721,12 600 ₽,225/75 R16 104Q ,5.0 2 отзыва
Cordiant Comfort 2,https://omsk.shinservice.ru//catalog/cordiant/summer/comfort_2/215-55-R16/97H/?idx=837965,7 760 ₽,215/55 R16 97H ,4.4 46 отзывов
Hankook Ventus S1 Evo3 K127,https://omsk.shinservice.ru//catalog/hankook/summer/ventus_s1evo3k127/235-45-R18/98Y/?idx=868641,15 910 ₽,235/45 R18 98Y ,4.1 8 отзывов
Formula Energy,https://omsk.shinservice.ru//catalog/formula/summer/formula_energy/175-70-R14/84T/?idx=1669776,4 980 ₽,175/70 R14 84T ,4.8 102 отзыва
Pirelli Scorpion Verde,https://omsk.shinservice.ru//catalog/pirelli/summer/scorpion_verde/235-55-R18/100V/?idx=1669431,16 260 ₽,235/55 R18 100V ,4.9 28 отзывов
Kumho Ecsta HS52,https://omsk.shinservice.ru//catalog/kumho/summer/ecsta-hs52/225-60-R17/99V/?idx=1316311,13 410 ₽,225/60 R17 99V ,5.0 28 отзывов
Ikon (Nokian Tyres) Autograph Eco 3,https://omsk.shinservice.ru//catalog/ikon-tyres/summer/autograph-eco-3/195-65-R15/95H/?idx=1659696,6 580 ₽,195/65 R15 95H XL,4.8 57 отзывов
Kumho PS72  Ecsta Sport S,https://omsk.shinservice.ru//catalog/kumho/summer/ps72-ecsta-sport-s1/285-30-R21/100Y/?idx=1839960,34 220 ₽,285/30 R21 100Y XL,Нет оценок Нет отзывов
Hankook Ventus S1 Evo3 K127,https://omsk.shinservice.ru//catalog/hankook/summer/ventus_s1evo3k127/235-45-R18/98Y/?idx=868641,15 910 ₽,235/45 R18 98Y ,4.1 8 отзывов
Ikon (Nokian Tyres) Autograph Aqua 3 SUV,https://omsk.shinservice.ru//catalog/ikon-tyres/summer/autograph-aqua-3-suv/235-50-R19/99V/?idx=1918025,18 250 ₽,235/50 R19 99V ,4.9 41 отзыв
Cordiant Comfort 2,https://omsk.shinservice.ru//catalog/cordiant/summer/comfort_2/215-55-R17/98H/?idx=1668364,8 090 ₽,215/55 R17 98H ,4.4 46 отзывов
Ikon (Nokian Tyres) Character Aqua SUV (Nordman S2 SUV),https://omsk.shinservice.ru//catalog/ikon-tyres/summer/character-aqua-suv/235-50-R19/99V/?idx=1918075,15 800 ₽,235/50 R19 99V ,4.8 48 отзывов
Formula Energy,https://omsk.shinservice.ru//catalog/formula/summer/formula_energy/195-65-R15/91V/?idx=1669771,5 290 ₽,195/65 R15 91V ,4.8 102 отзыва
Pirelli Scorpion Verde,https://omsk.shinservice.ru//catalog/pirelli/summer/scorpion_verde/235-55-R20/102V/?idx=1669409,24 790 ₽,235/55 R20 102V ,4.9 28 отзывов
Hankook Ventus S1 Evo3 K127,https://omsk.shinservice.ru//catalog/hankook/summer/ventus_s1evo3k127/245-50-R18/104Y/?idx=1026820,20 020 ₽,245/50 R18 104Y ,4.1 8 отзывов
Kumho Ecowing ES31,https://omsk.shinservice.ru//catalog/kumho/summer/ecowing-es31/185-60-R14/82T/?idx=1615470,5 420 ₽,185/60 R14 82T ,4.9 55 отзывов
Kumho PS72 Ecsta Sport,https://omsk.shinservice.ru//catalog/kumho/summer/ps72-ecsta-sport/245-40-R19/98Y/?idx=1839906,17 180 ₽,245/40 R19 98Y XL,5.0 1 отзыв
Hankook Ventus S1 Evo3 K127 SUV,https://omsk.shinservice.ru//catalog/hankook/summer/ventus-s1-evo3k127-suv/285-35-R22/106Y/?idx=1026895,31 930 ₽,285/35 R22 106Y ,4.5 11 отзывов
Kumho Ecsta PS71,https://omsk.shinservice.ru//catalog/kumho/summer/ps71/265-40-R21/106Y/?idx=1094963,27 120 ₽,265/40 R21 106Y XL,4.7 53 отзыва
Pirelli Scorpion Zero,https://omsk.shinservice.ru//catalog/pirelli/summer/scorpion_zero/285-45-R21/113W/mo1/?idx=868399,50 160 ₽,285/45 R21 113W XL,Нет оценок Нет отзывов
Hankook Ventus S1 Evo3 K127 SUV,https://omsk.shinservice.ru//catalog/hankook/summer/ventus-s1-evo3k127-suv/295-35-R23/108Y/ao/?idx=1026903,42 540 ₽,295/35 R23 108Y ,4.5 11 отзывов
Torero (Matador) MP-47 Hectorra 3,https://omsk.shinservice.ru//catalog/torero/summer/mp-47/185-65-R15/88T/?idx=1676260,4 570 ₽,185/65 R15 88T ,5.0 1 отзыв
Hankook Ventus Prime3 K125,https://omsk.shinservice.ru//catalog/hankook/summer/ventus_prime3_k125/235-55-R18/100H/?idx=929648,15 240 ₽,235/55 R18 100H ,4.5 7 отзывов
Kumho Portran KC53,https://omsk.shinservice.ru//catalog/kumho/summer/portran_kc53/195-R15/106-104R/?idx=701052,9 980 ₽,195 R15 106/104R ,5.0 2 отзыва
Hankook Ventus S1 Evo3 K127 SUV,https://omsk.shinservice.ru//catalog/hankook/summer/ventus-s1-evo3k127-suv/315-30-R22/107Y/?idx=1026900,37 990 ₽,315/30 R22 107Y ,4.5 11 отзывов
Gislaved PremiumControl,https://omsk.shinservice.ru//catalog/gislaved/summer/premium-control/215-55-R17/94V/?idx=1671234,11 390 ₽,215/55 R17 94V ,5.0 13 отзывов
Kumho Ecsta HS52,https://omsk.shinservice.ru//catalog/kumho/summer/ecsta-hs52/225-45-R17/94W/?idx=1616682,8 830 ₽,225/45 R17 94W XL,5.0 28 отзывов
Hankook Ventus S1 Evo3 K127 SUV,https://omsk.shinservice.ru//catalog/hankook/summer/ventus-s1-evo3k127-suv/265-45-R20/108Y/?idx=1026860,26 700 ₽,265/45 R20 108Y ,4.5 11 отзывов
Ikon (Nokian Tyres) Character Aqua SUV (Nordman S2 SUV),https://omsk.shinservice.ru//catalog/ikon-tyres/summer/character-aqua-suv/215-70-R16/100H/?idx=1918051,9 860 ₽,215/70 R16 100H ,4.8 48 отзывов
Kumho Crugen HP71,https://omsk.shinservice.ru//catalog/kumho/summer/crugen-hp71/245-55-R19/103H/?idx=1316357,19 710 ₽,245/55 R19 103H ,4.3 14 отзывов
Kumho Road Venture MT51,https://omsk.shinservice.ru//catalog/kumho/summer/road-venture-mt51/31-10.5-R15/109Q/?idx=876981,17 720 ₽,31/10.5 R15 109Q ,Нет оценок Нет отзывов
Kumho Ecsta HS52,https://omsk.shinservice.ru//catalog/kumho/summer/ecsta-hs52/235-50-R18/101H/?idx=1839858,13 250 ₽,235/50 R18 101H XL,5.0 28 отзывов
Hankook Ventus S1 Evo3 K127,https://omsk.shinservice.ru//catalog/hankook/summer/ventus_s1evo3k127/235-45-R19/99Y/?idx=929624,21 540 ₽,235/45 R19 99Y XL,4.1 8 отзывов
Formula Energy,https://omsk.shinservice.ru//catalog/formula/summer/formula_energy/185-65-R15/88T/?idx=1866340,5 030 ₽,185/65 R15 88T XL,4.8 102 отзыва
Hankook Ventus evo K137 SUV,https://omsk.shinservice.ru//catalog/hankook/summer/ventus-evo-k137-suv/295-30-R22/103Y/?idx=1932345,37 620 ₽,295/30 R22 103Y XL,Нет оценок Нет отзывов
Pirelli Cinturato P1,https://omsk.shinservice.ru//catalog/pirelli/summer/cinturato_p1/195-55-R15/85H/?idx=1669482,7 500 ₽,195/55 R15 85H ,4.9 25 отзывов
Ikon (Nokian Tyres) Character Aqua SUV (Nordman S2 SUV),https://omsk.shinservice.ru//catalog/ikon-tyres/summer/character-aqua-suv/235-60-R18/103V/?idx=1918061,13 540 ₽,235/60 R18 103V ,4.8 48 отзывов
Ikon (Nokian Tyres) Autograph Ultra 2 SUV,https://omsk.shinservice.ru//catalog/ikon-tyres/summer/autograph-ultra-2-suv/265-50-R20/111W/?idx=1659778,30 150 ₽,265/50 R20 111W XL,4.8 16 отзывов
Hankook Ventus S1 Evo3 K127,https://omsk.shinservice.ru//catalog/hankook/summer/ventus_s1evo3k127/235-50-R18/101Y/?idx=1107283,16 180 ₽,235/50 R18 101Y XL,4.1 8 отзывов
Cordiant Off Road 2,https://omsk.shinservice.ru//catalog/cordiant/summer/off-road-2/245-70-R16/111T/?idx=1192433,14 380 ₽,245/70 R16 111T ,5.0 1 отзыв
Hankook Ventus S1 Evo3 K127 SUV,https://omsk.shinservice.ru//catalog/hankook/summer/ventus-s1-evo3k127-suv/235-50-R18/97V/?idx=1107113,16 640 ₽,235/50 R18 97V ,4.5 11 отзывов
Pirelli Scorpion Verde All Season,https://omsk.shinservice.ru//catalog/pirelli/summer/scorpion_verde_all_season/245-55-R19/103V/?idx=1866209,20 900 ₽,245/55 R19 103V ,4.9 11 отзывов
Pirelli Scorpion Verde,https://omsk.shinservice.ru//catalog/pirelli/summer/scorpion_verde/225-55-R18/98V/?idx=1827275,13 320 ₽,225/55 R18 98V ,4.9 28 отзывов
Ikon (Nokian Tyres) Autograph Eco 3,https://omsk.shinservice.ru//catalog/ikon-tyres/summer/autograph-eco-3/175-70-R13/82T/?idx=1659687,5 440 ₽,175/70 R13 82T ,4.8 57 отзывов
Cordiant All Terrain,https://omsk.shinservice.ru//catalog/cordiant/summer/cordiant_all_terrain/245-70-R16/111T/?idx=694723,10 110 ₽,245/70 R16 111T ,5.0 2 отзыва
Pirelli Scorpion Verde,https://omsk.shinservice.ru//catalog/pirelli/summer/scorpion_verde/235-55-R17/99V/ao/?idx=671270,21 780 ₽,235/55 R17 99V ,4.9 28 отзывов
Kumho Crugen Premium KL33,https://omsk.shinservice.ru//catalog/kumho/summer/crugen-premium-kl33/235-55-R19/101H/?idx=985151,15 790 ₽,235/55 R19 101H ,5.0 6 отзывов
Kumho ECSTA PS91,https://omsk.shinservice.ru//catalog/kumho/summer/ecstaps91/275-40-R19/105Y/?idx=692851,21 030 ₽,275/40 R19 105Y XL,4.9 18 отзывов
Hankook Ventus S1 Evo3 K127,https://omsk.shinservice.ru//catalog/hankook/summer/ventus_s1evo3k127/225-40-R19/93Y/?idx=1682550,23 840 ₽,225/40 R19 93Y XL,4.1 8 отзывов
Hankook Ventus S1 Evo3 K127 SUV,https://omsk.shinservice.ru//catalog/hankook/summer/ventus-s1-evo3k127-suv/255-55-R20/110W/?idx=1026859,25 620 ₽,255/55 R20 110W ,4.5 11 отзывов
Pirelli P ZERO PZ4 SPORTS CAR,https://omsk.shinservice.ru//catalog/pirelli/summer/p-zero-pz4-sport-car/245-40-R18/97Y/?idx=1665800,17 060 ₽,245/40 R18 97Y XL,5.0 10 отзывов
Formula Energy,https://omsk.shinservice.ru//catalog/formula/summer/formula_energy/225-65-R17/102H/?idx=1669759,9 560 ₽,225/65 R17 102H ,4.8 102 отзыва
Cordiant Comfort 2,https://omsk.shinservice.ru//catalog/cordiant/summer/comfort_2/215-55-R16/97H/?idx=837965,7 760 ₽,215/55 R16 97H ,4.4 46 отзывов
Kumho Ecsta PS71,https://omsk.shinservice.ru//catalog/kumho/summer/ps71/265-40-R21/106Y/?idx=1094963,27 120 ₽,265/40 R21 106Y XL,4.7 53 отзыва
Pirelli P Zero,https://omsk.shinservice.ru//catalog/pirelli/summer/pzero/255-40-R20/101W/mo/?idx=662437,35 180 ₽,255/40 R20 101W XL,5.0 5 отзывов
Hankook Ventus S1 Evo2 SUV K117A,https://omsk.shinservice.ru//catalog/hankook/summer/ventuss1evo2suvk117a/235-65-R17/104W/ao/?idx=868631,13 710 ₽,235/65 R17 104W ,Нет оценок Нет отзывов
Kumho Crugen HP91,https://omsk.shinservice.ru//catalog/kumho/summer/crugenhp91/215-65-R16/98H/?idx=1094950,9 470 ₽,215/65 R16 98H ,5.0 18 отзывов
Kumho Road Venture MT51,https://omsk.shinservice.ru//catalog/kumho/summer/road-venture-mt51/31-10.5-R15/109Q/?idx=876981,17 720 ₽,31/10.5 R15 109Q ,Нет оценок Нет отзывов
Kumho Ecowing ES31,https://omsk.shinservice.ru//catalog/kumho/summer/ecowing-es31/225-50-R17/98W/?idx=977198,10 020 ₽,225/50 R17 98W XL,4.9 55 отзывов
Pirelli Cinturato P7,https://omsk.shinservice.ru//catalog/pirelli/summer/cinturato_p7/245-50-R18/100W/moe/?idx=694842,28 530 ₽,245/50 R18 100W ,4.9 46 отзывов
Hankook Ventus S1 Evo3 K127 SUV,https://omsk.shinservice.ru//catalog/hankook/summer/ventus-s1-evo3k127-suv/255-55-R18/109Y/?idx=1026842,16 640 ₽,255/55 R18 109Y ,4.5 11 отзывов
Hankook Ventus S1 Evo3 K127 SUV,https://omsk.shinservice.ru//catalog/hankook/summer/ventus-s1-evo3k127-suv/295-40-R21/111Y/?idx=1026886,30 320 ₽,295/40 R21 111Y ,4.5 11 отзывов
Kumho Ecsta PS71,https://omsk.shinservice.ru//catalog/kumho/summer/ps71/245-50-R20/102V/?idx=1957658,19 040 ₽,245/50 R20 102V ,4.7 53 отзыва
Formula Energy,https://omsk.shinservice.ru//catalog/formula/summer/formula_energy/225-45-R17/94Y/?idx=829927,7 010 ₽,225/45 R17 94Y XL,4.8 102 отзыва
Pirelli P Zero,https://omsk.shinservice.ru//catalog/pirelli/summer/pzero/255-40-R18/99Y/mo/?idx=671311,31 400 ₽,255/40 R18 99Y XL,5.0 5 отзывов
Hankook Ventus S1 Evo3 K127,https://omsk.shinservice.ru//catalog/hankook/summer/ventus_s1evo3k127/275-35-R20/102Y/?idx=929630,28 940 ₽,275/35 R20 102Y XL,4.1 8 отзывов
Kumho Crugen HP71,https://omsk.shinservice.ru//catalog/kumho/summer/crugen-hp71/245-55-R19/103H/?idx=1316357,19 710 ₽,245/55 R19 103H ,4.3 14 отзывов
Hankook Ventus S1 Evo3 K127,https://omsk.shinservice.ru//catalog/hankook/summer/ventus_s1evo3k127/285-35-R20/104Y/?idx=868668,27 190 ₽,285/35 R20 104Y ,4.1 8 отзывов
Hankook Kinergy 4S2 H750,https://omsk.shinservice.ru//catalog/hankook/summer/kinergy-4s2-h750/225-55-R18/98V/?idx=1682517,15 500 ₽,225/55 R18 98V ,Нет оценок Нет отзывов
Kumho HA32,https://omsk.shinservice.ru//catalog/kumho/summer/ha32/145-80-R13/75T/?idx=1297857,5 860 ₽,145/80 R13 75T ,5.0 1 отзыв
Ikon (Nokian Tyres) Autograph Aqua 3,https://omsk.shinservice.ru//catalog/ikon-tyres/summer/autograph-aqua-3/205-60-R16/96W/?idx=1659719,9 900 ₽,205/60 R16 96W XL,4.8 46 отзывов
Pirelli P Zero,https://omsk.shinservice.ru//catalog/pirelli/summer/pzero/245-40-R20/99Y/?idx=1669406,33 900 ₽,245/40 R20 99Y XL,5.0 5 отзывов
Pirelli Cinturato P1,https://omsk.shinservice.ru//catalog/pirelli/summer/cinturato_p1/195-55-R15/85H/?idx=1669482,7 500 ₽,195/55 R15 85H ,4.9 25 отзывов
Kumho HA32 SUV,https://omsk.shinservice.ru//catalog/kumho/summer/ha32suv/215-55-R18/99V/?idx=1038485,14 400 ₽,215/55 R18 99V XL,5.0 1 отзыв
Pirelli P ZERO PZ4 LUXURY SALOON,https://omsk.shinservice.ru//catalog/pirelli/summer/p-zero-pz4-luxury-saloon/275-35-R21/103Y/%2A/?idx=868175,72 160 ₽,275/35 R21 103Y XL,Нет оценок Нет отзывов
Kumho Road Venture MT KL71,https://omsk.shinservice.ru//catalog/kumho/summer/road_venture_mt_kl71/235-85-R16/120-116Q/?idx=659026,20 180 ₽,235/85 R16 120/116Q ,5.0 2 отзыва
Pirelli Powergy,https://omsk.shinservice.ru//catalog/pirelli/summer/powergy/245-45-R18/100Y/?idx=1669423,14 360 ₽,245/45 R18 100Y XL,4.5 39 отзывов
Ikon (Nokian Tyres) Autograph Eco 3,https://omsk.shinservice.ru//catalog/ikon-tyres/summer/autograph-eco-3/185-70-R14/88T/?idx=1659690,6 710 ₽,185/70 R14 88T ,4.8 57 отзывов
Kumho Ecsta PS71,https://omsk.shinservice.ru//catalog/kumho/summer/ps71/275-40-R19/105Y/?idx=828019,20 280 ₽,275/40 R19 105Y XL,4.7 53 отзыва
Ikon (Nokian Tyres) Character Ultra (Nordman SZ2),https://omsk.shinservice.ru//catalog/ikon-tyres/summer/character-ultra/205-50-R17/93W/?idx=1918093,10 340 ₽,205/50 R17 93W XL,4.7 19 отзывов
Ikon (Nokian Tyres) Autograph Eco 3,https://omsk.shinservice.ru//catalog/ikon-tyres/summer/autograph-eco-3/185-70-R14/88T/?idx=1659690,6 710 ₽,185/70 R14 88T ,4.8 57 отзывов
Hankook Dynapro HP2 RA33,https://omsk.shinservice.ru//catalog/hankook/summer/dynaprohp2ra33/235-55-R19/101H/?idx=1682535,16 250 ₽,235/55 R19 101H ,5.0 8 отзывов
Kumho Crugen HP91,https://omsk.shinservice.ru//catalog/kumho/summer/crugenhp91/265-70-R16/112V/?idx=692726,13 030 ₽,265/70 R16 112V ,5.0 18 отзывов
Pirelli Scorpion Verde All Season,https://omsk.shinservice.ru//catalog/pirelli/summer/scorpion_verde_all_season/265-50-R20/111V/?idx=1665787,22 760 ₽,265/50 R20 111V XL,4.9 11 отзывов
Hankook Ventus evo K137 SUV,https://omsk.shinservice.ru//catalog/hankook/summer/ventus-evo-k137-suv/235-50-R20/104Y/?idx=1932334,25 570 ₽,235/50 R20 104Y XL,Нет оценок Нет отзывов
Pirelli Powergy,https://omsk.shinservice.ru//catalog/pirelli/summer/powergy/225-45-R17/94Y/?idx=1669443,10 370 ₽,225/45 R17 94Y XL,4.5 39 отзывов
Hankook Ventus S1 Evo3 K127 SUV,https://omsk.shinservice.ru//catalog/hankook/summer/ventus-s1-evo3k127-suv/235-45-R20/100Y/?idx=1026854,24 430 ₽,235/45 R20 100Y ,4.5 11 отзывов
Pirelli Powergy,https://omsk.shinservice.ru//catalog/pirelli/summer/powergy/225-45-R18/95Y/?idx=1669426,14 740 ₽,225/45 R18 95Y XL,4.5 39 отзывов
Ikon (Nokian Tyres) Nordman SZ2 (Character Ultra),https://omsk.shinservice.ru//catalog/ikon-tyres/summer/itnordman_sz2/215-50-R17/95W/?idx=1659841,9 340 ₽,215/50 R17 95W XL,4.7 19 отзывов
Hankook Ventus S1 Evo3 K127,https://omsk.shinservice.ru//catalog/hankook/summer/ventus_s1evo3k127/265-30-R22/97Y/?idx=868676,38 690 ₽,265/30 R22 97Y ,4.1 8 отзывов
Kumho Road Venture MT KL71,https://omsk.shinservice.ru//catalog/kumho/summer/road_venture_mt_kl71/235-75-R15/104-101Q/?idx=658941,17 830 ₽,235/75 R15 104/101Q ,5.0 2 отзыва
Pirelli Powergy,https://omsk.shinservice.ru//catalog/pirelli/summer/powergy/225-40-R18/92Y/?idx=1669422,11 130 ₽,225/40 R18 92Y XL,4.5 39 отзывов
Pirelli P ZERO PZ4 LUXURY SALOON,https://omsk.shinservice.ru//catalog/pirelli/summer/p-zero-pz4-luxury-saloon/255-35-R19/96Y/moe/?idx=868348,39 370 ₽,255/35 R19 96Y XL,Нет оценок Нет отзывов
Hankook Ventus S1 Evo3 K127,https://omsk.shinservice.ru//catalog/hankook/summer/ventus_s1evo3k127/235-45-R18/98Y/?idx=868641,15 910 ₽,235/45 R18 98Y ,4.1 8 отзывов
Ikon (Nokian Tyres) Nordman S2 SUV (Character Aqua SUV),https://omsk.shinservice.ru//catalog/ikon-tyres/summer/nordman-s2-suv/235-65-R17/104H/?idx=1659861,10 310 ₽,235/65 R17 104H ,4.9 45 отзывов
Ikon (Nokian Tyres) Character Eco (Nordman SX3),https://omsk.shinservice.ru//catalog/ikon-tyres/summer/character-eco/205-60-R15/91H/?idx=1918043,6 620 ₽,205/60 R15 91H ,4.8 59 отзывов
Hankook Ventus S1 Evo3 K127,https://omsk.shinservice.ru//catalog/hankook/summer/ventus_s1evo3k127/225-45-R19/96Y/?idx=929623,19 750 ₽,225/45 R19 96Y XL,4.1 8 отзывов
Cordiant Sport 3,https://omsk.shinservice.ru//catalog/cordiant/summer/sport_3/255-55-R18/109V/?idx=1192419,11 030 ₽,255/55 R18 109V ,4.9 41 отзыв
Hankook Ventus S1 Evo3 K127 SUV,https://omsk.shinservice.ru//catalog/hankook/summer/ventus-s1-evo3k127-suv/295-40-R20/110Y/?idx=1026870,30 370 ₽,295/40 R20 110Y ,4.5 11 отзывов
Kumho Road Venture MT71,https://omsk.shinservice.ru//catalog/kumho/summer/road-venture-mt71/31-10.5-R15/109Q/?idx=1094979,23 080 ₽,31/10.5 R15 109Q ,Нет оценок Нет отзывов
Hankook Ventus S1 Evo3 K127,https://omsk.shinservice.ru//catalog/hankook/summer/ventus_s1evo3k127/245-35-R21/96Y/?idx=1682563,34 740 ₽,245/35 R21 96Y XL,4.1 8 отзывов
Hankook Ventus S1 Evo3 K127,https://omsk.shinservice.ru//catalog/hankook/summer/ventus_s1evo3k127/265-35-R21/101Y/?idx=868673,32 700 ₽,265/35 R21 101Y ,4.1 8 отзывов
Kumho PS72 Ecsta Sport,https://omsk.shinservice.ru//catalog/kumho/summer/ps72-ecsta-sport/225-45-R18/95Y/?idx=1839881,13 870 ₽,225/45 R18 95Y XL,5.0 1 отзыв
Cordiant Gravity SUV,https://omsk.shinservice.ru//catalog/cordiant/summer/cordiant-gravity-suv/215-70-R16/104H/?idx=1668372,9 900 ₽,215/70 R16 104H ,4.0 4 отзыва
Hankook Dynapro HPX RA43,https://omsk.shinservice.ru//catalog/hankook/summer/dynapro-hpx-ra43/265-65-R17/112H/?idx=1932217,16 640 ₽,265/65 R17 112H ,Нет оценок Нет отзывов
Kumho HA32,https://omsk.shinservice.ru//catalog/kumho/summer/ha32/185-55-R16/87V/?idx=1293792,10 260 ₽,185/55 R16 87V ,5.0 1 отзыв
Cordiant Sport 3,https://omsk.shinservice.ru//catalog/cordiant/summer/sport_3/235-65-R17/108H/?idx=812585,8 670 ₽,235/65 R17 108H ,4.9 41 отзыв
Kumho Ecsta PS71,https://omsk.shinservice.ru//catalog/kumho/summer/ps71/255-55-R20/110Y/?idx=1316371,22 920 ₽,255/55 R20 110Y XL,4.7 53 отзыва
Kumho Ecowing ES01 KH27,https://omsk.shinservice.ru//catalog/kumho/summer/ecowing-es01-kh27/145-65-R15/72T/?idx=801102,5 760 ₽,145/65 R15 72T ,4.6 10 отзывов
Hankook Ventus S1 Evo3 K127 SUV,https://omsk.shinservice.ru//catalog/hankook/summer/ventus-s1-evo3k127-suv/215-50-R18/92W/?idx=1026840,16 370 ₽,215/50 R18 92W ,4.5 11 отзывов
Hankook Kinergy 4S2 H750,https://omsk.shinservice.ru//catalog/hankook/summer/kinergy-4s2-h750/255-50-R19/107W/?idx=1682540,21 240 ₽,255/50 R19 107W XL,Нет оценок Нет отзывов
Hankook Ventus Prime4 K135,https://omsk.shinservice.ru//catalog/hankook/summer/ventus-prime4-k135/205-60-R16/96V/?idx=1682485,8 360 ₽,205/60 R16 96V XL,4.8 24 отзыва
Pirelli Cinturato P7,https://omsk.shinservice.ru//catalog/pirelli/summer/cinturato_p7/225-45-R17/91V/%2A/?idx=671516,18 320 ₽,225/45 R17 91V ,4.9 46 отзывов
Hankook Ventus Prime4 K135,https://omsk.shinservice.ru//catalog/hankook/summer/ventus-prime4-k135/225-50-R17/94W/?idx=1682501,10 930 ₽,225/50 R17 94W ,4.8 24 отзыва
Hankook Ventus S1 Evo3 K127 SUV,https://omsk.shinservice.ru//catalog/hankook/summer/ventus-s1-evo3k127-suv/255-50-R19/107W/?idx=1026845,20 930 ₽,255/50 R19 107W ,4.5 11 отзывов
Pirelli P Zero,https://omsk.shinservice.ru//catalog/pirelli/summer/pzero/225-40-R18/92W/moe/?idx=689377,20 900 ₽,225/40 R18 92W XL,5.0 5 отзывов
Cordiant Sport 3,https://omsk.shinservice.ru//catalog/cordiant/summer/sport_3/205-60-R16/92V/?idx=694706,6 430 ₽,205/60 R16 92V ,4.9 41 отзыв
Kumho Ecsta PS71,https://omsk.shinservice.ru//catalog/kumho/summer/ps71/245-50-R18/100Y/?idx=828016,15 170 ₽,245/50 R18 100Y ,4.7 53 отзыва
Kumho HA32,https://omsk.shinservice.ru//catalog/kumho/summer/ha32/225-45-R19/96W/?idx=1290803,18 270 ₽,225/45 R19 96W XL,5.0 1 отзыв
Pirelli Cinturato P1,https://omsk.shinservice.ru//catalog/pirelli/summer/cinturato_p1/195-60-R15/88H/?idx=1669484,6 490 ₽,195/60 R15 88H ,4.9 25 отзывов
Kumho PS72 Ecsta Sport,https://omsk.shinservice.ru//catalog/kumho/summer/ps72-ecsta-sport/255-40-R20/104Y/?idx=1839944,25 580 ₽,255/40 R20 104Y XL,5.0 1 отзыв
Ikon (Nokian Tyres) Autograph Eco 3,https://omsk.shinservice.ru//catalog/ikon-tyres/summer/autograph-eco-3/185-60-R14/82T/?idx=1659694,5 560 ₽,185/60 R14 82T ,4.8 57 отзывов
Hankook Ventus evo K137,https://omsk.shinservice.ru//catalog/hankook/summer/ventus-evo-k137/275-45-R18/107Y/?idx=1932307,25 170 ₽,275/45 R18 107Y XL,Нет оценок Нет отзывов
Kumho Road Venture MT51,https://omsk.shinservice.ru//catalog/kumho/summer/road-venture-mt51/235-75-R15/110-107Q/?idx=876980,20 420 ₽,235/75 R15 110/107Q ,Нет оценок Нет отзывов
Kumho Crugen HP91,https://omsk.shinservice.ru//catalog/kumho/summer/crugenhp91/235-55-R18/100H/?idx=1094954,13 720 ₽,235/55 R18 100H ,5.0 18 отзывов
Kumho PS72  Ecsta Sport S,https://omsk.shinservice.ru//catalog/kumho/summer/ps72-ecsta-sport-s1/285-30-R21/100Y/?idx=1839960,34 220 ₽,285/30 R21 100Y XL,Нет оценок Нет отзывов
Pirelli Powergy,https://omsk.shinservice.ru//catalog/pirelli/summer/powergy/235-60-R18/103V/?idx=1669436,13 940 ₽,235/60 R18 103V ,4.5 39 отзывов
Hankook Ventus S1 Evo3 K127,https://omsk.shinservice.ru//catalog/hankook/summer/ventus_s1evo3k127/225-40-R18/92Y/?idx=1682545,17 080 ₽,225/40 R18 92Y XL,4.1 8 отзывов
Hankook Kinergy 4S2 H750,https://omsk.shinservice.ru//catalog/hankook/summer/kinergy-4s2-h750/225-40-R18/92Y/?idx=1682513,12 800 ₽,225/40 R18 92Y XL,Нет оценок Нет отзывов
Kumho Ecsta PS71,https://omsk.shinservice.ru//catalog/kumho/summer/ps71/315-35-R21/111Y/?idx=1615453,33 370 ₽,315/35 R21 111Y XL,4.7 53 отзыва
Pirelli P Zero PZ4 Sports Car Noise cancelling system,https://omsk.shinservice.ru//catalog/pirelli/summer/p-zero-pz4-sports-car-noise-cancelling-s/275-45-R21/107Y/mo/?idx=1866192,39 210 ₽,275/45 R21 107Y ,Нет оценок Нет отзывов
Hankook Kinergy 4S2 H750,https://omsk.shinservice.ru//catalog/hankook/summer/kinergy-4s2-h750/245-40-R18/97V/?idx=1682527,16 230 ₽,245/40 R18 97V XL,Нет оценок Нет отзывов
Hankook Ventus S1 Evo3 K127 SUV,https://omsk.shinservice.ru//catalog/hankook/summer/ventus-s1-evo3k127-suv/255-50-R19/107W/?idx=1026845,20 930 ₽,255/50 R19 107W ,4.5 11 отзывов
Kumho Ecsta PS71,https://omsk.shinservice.ru//catalog/kumho/summer/ps71/255-40-R21/102Y/?idx=1316380,24 680 ₽,255/40 R21 102Y XL,4.7 53 отзыва
Pirelli P ZERO PZ4 LUXURY SALOON,https://omsk.shinservice.ru//catalog/pirelli/summer/p-zero-pz4-luxury-saloon/275-35-R21/103Y/%2A/?idx=868175,72 160 ₽,275/35 R21 103Y XL,Нет оценок Нет отзывов
Hankook Kinergy 4S2 H750,https://omsk.shinservice.ru//catalog/hankook/summer/kinergy-4s2-h750/235-55-R19/105W/?idx=1682536,18 650 ₽,235/55 R19 105W XL,Нет оценок Нет отзывов
Hankook RF11,https://omsk.shinservice.ru//catalog/hankook/summer/rf11/265-70-R16/112T/?idx=868513,19 100 ₽,265/70 R16 112T ,Нет оценок Нет отзывов
Pirelli Scorpion Verde All Season,https://omsk.shinservice.ru//catalog/pirelli/summer/scorpion_verde_all_season/285-45-R21/113W/b1/?idx=1353898,51 530 ₽,285/45 R21 113W XL,4.9 11 отзывов
Hankook Ventus S1 Evo3 K127,https://omsk.shinservice.ru//catalog/hankook/summer/ventus_s1evo3k127/275-35-R18/99Y/?idx=929601,24 450 ₽,275/35 R18 99Y XL,4.1 8 отзывов
Hankook Ventus S1 Evo3 K127,https://omsk.shinservice.ru//catalog/hankook/summer/ventus_s1evo3k127/245-35-R19/93Y/?idx=868650,22 020 ₽,245/35 R19 93Y ,4.1 8 отзывов
Kumho Crugen Premium KL33,https://omsk.shinservice.ru//catalog/kumho/summer/crugen-premium-kl33/225-60-R17/99H/?idx=811772,11 950 ₽,225/60 R17 99H ,5.0 6 отзывов
Hankook RF11,https://omsk.shinservice.ru//catalog/hankook/summer/rf11/235-60-R16/100T/?idx=929403,15 500 ₽,235/60 R16 100T ,Нет оценок Нет отзывов
Kumho Crugen HP71,https://omsk.shinservice.ru//catalog/kumho/summer/crugen-hp71/225-70-R16/103H/?idx=1094949,11 590 ₽,225/70 R16 103H ,4.3 14 отзывов
Pirelli Scorpion,https://omsk.shinservice.ru//catalog/pirelli/summer/scorpion/255-45-R20/105Y/?idx=1190207,39 980 ₽,255/45 R20 105Y XL,5.0 2 отзыва
Kumho Ecowing ES31,https://omsk.shinservice.ru//catalog/kumho/summer/ecowing-es31/215-60-R16/95V/?idx=876764,9 810 ₽,215/60 R16 95V ,4.9 55 отзывов
Kumho Ecsta PS71,https://omsk.shinservice.ru//catalog/kumho/summer/ps71/205-45-R17/84V/?idx=836492,15 190 ₽,205/45 R17 84V ,4.7 53 отзыва
Ikon (Nokian Tyres) Autograph Ultra 2 SUV,https://omsk.shinservice.ru//catalog/ikon-tyres/summer/autograph-ultra-2-suv/255-60-R18/112V/?idx=1659768,18 990 ₽,255/60 R18 112V XL,4.8 16 отзывов
Hankook Ventus S1 Evo3 K127 SUV,https://omsk.shinservice.ru//catalog/hankook/summer/ventus-s1-evo3k127-suv/235-65-R18/110V/?idx=1026841,17 330 ₽,235/65 R18 110V ,4.5 11 отзывов
Hankook Dynapro AT2 Xtreme RF12,https://omsk.shinservice.ru//catalog/hankook/summer/dynapro-at2-xtreme-rf12/235-85-R16/120-116S/?idx=1932240,22 020 ₽,235/85 R16 120/116S ,Нет оценок Нет отзывов
Hankook Ventus S1 Evo3 K127 SUV,https://omsk.shinservice.ru//catalog/hankook/summer/ventus-s1-evo3k127-suv/295-40-R21/111Y/?idx=1026886,30 320 ₽,295/40 R21 111Y ,4.5 11 отзывов
Ikon (Nokian Tyres) Character Ultra (Nordman SZ2),https://omsk.shinservice.ru//catalog/ikon-tyres/summer/character-ultra/235-50-R18/97V/?idx=1918047,12 800 ₽,235/50 R18 97V ,4.7 19 отзывов
Ikon (Nokian Tyres) Character Eco (Nordman SX3),https://omsk.shinservice.ru//catalog/ikon-tyres/summer/character-eco/205-65-R15/94H/?idx=1918045,6 370 ₽,205/65 R15 94H ,4.8 59 отзывов
Kumho Crugen Premium KL33,https://omsk.shinservice.ru//catalog/kumho/summer/crugen-premium-kl33/235-55-R19/101H/?idx=985151,15 790 ₽,235/55 R19 101H ,5.0 6 отзывов
Pirelli P Zero,https://omsk.shinservice.ru//catalog/pirelli/summer/pzero/225-40-R18/92W/moe/?idx=689377,20 900 ₽,225/40 R18 92W XL,5.0 5 отзывов
Kumho PS72  Ecsta Sport S,https://omsk.shinservice.ru//catalog/kumho/summer/ps72-ecsta-sport-s1/255-40-R19/100Y/?idx=1839934,19 160 ₽,255/40 R19 100Y XL,Нет оценок Нет отзывов
Kumho Ecsta PS71,https://omsk.shinservice.ru//catalog/kumho/summer/ps71/255-50-R20/109Y/?idx=1316370,20 760 ₽,255/50 R20 109Y XL,4.7 53 отзыва
Kumho HA32 SUV,https://omsk.shinservice.ru//catalog/kumho/summer/ha32suv/275-40-R20/106W/?idx=1038513,25 780 ₽,275/40 R20 106W XL,5.0 1 отзыв
Ikon (Nokian Tyres) Nordman SX3 (Character Eco),https://omsk.shinservice.ru//catalog/ikon-tyres/summer/nordman-sx3/195-60-R15/88H/?idx=1659825,5 340 ₽,195/60 R15 88H ,4.8 58 отзывов
Ikon (Nokian Tyres) Autograph Aqua 3 SUV,https://omsk.shinservice.ru//catalog/ikon-tyres/summer/autograph-aqua-3-suv/225-70-R16/103H/?idx=1659746,12 820 ₽,225/70 R16 103H ,4.9 41 отзыв
Cordiant Run Tour,https://omsk.shinservice.ru//catalog/cordiant/summer/run-tour/175-70-R13/86T/?idx=1919031,4 210 ₽,175/70 R13 86T XL,5.0 2 отзыва
Ikon (Nokian Tyres) Character Aqua SUV (Nordman S2 SUV),https://omsk.shinservice.ru//catalog/ikon-tyres/summer/character-aqua-suv/225-60-R17/99H/?idx=1918065,13 360 ₽,225/60 R17 99H ,4.8 48 отзывов
Pirelli P Zero,https://omsk.shinservice.ru//catalog/pirelli/summer/pzero/255-40-R18/99Y/mo/?idx=671311,31 400 ₽,255/40 R18 99Y XL,5.0 5 отзывов
Hankook Ventus S1 Evo3 K127,https://omsk.shinservice.ru//catalog/hankook/summer/ventus_s1evo3k127/275-35-R19/100Y/?idx=929617,24 210 ₽,275/35 R19 100Y XL,4.1 8 отзывов
Torero (Matador) MP-47 Hectorra 3,https://omsk.shinservice.ru//catalog/torero/summer/mp-47/205-60-R16/92H/?idx=1676268,6 890 ₽,205/60 R16 92H ,5.0 1 отзыв
Ikon (Nokian Tyres) Nordman S2 SUV (Character Aqua SUV),https://omsk.shinservice.ru//catalog/ikon-tyres/summer/nordman-s2-suv/235-75-R16/108T/?idx=1659852,10 680 ₽,235/75 R16 108T ,4.9 45 отзывов
Pirelli Scorpion Verde All Season,https://omsk.shinservice.ru//catalog/pirelli/summer/scorpion_verde_all_season/225-65-R17/102H/?idx=1866223,12 490 ₽,225/65 R17 102H ,4.9 11 отзывов
Kumho Ecowing ES31,https://omsk.shinservice.ru//catalog/kumho/summer/ecowing-es31/165-65-R14/79T/?idx=836466,5 410 ₽,165/65 R14 79T ,4.9 55 отзывов
Pirelli P ZERO PZ4 SPORTS CAR,https://omsk.shinservice.ru//catalog/pirelli/summer/p-zero-pz4-sport-car/245-40-R18/97Y/?idx=1665800,17 060 ₽,245/40 R18 97Y XL,5.0 10 отзывов
Pirelli Powergy,https://omsk.shinservice.ru//catalog/pirelli/summer/powergy/225-60-R18/104V/?idx=1669438,14 150 ₽,225/60 R18 104V XL,4.5 39 отзывов
Hankook Ventus S1 Evo3 K127 SUV,https://omsk.shinservice.ru//catalog/hankook/summer/ventus-s1-evo3k127-suv/255-50-R19/107W/?idx=1026845,20 930 ₽,255/50 R19 107W ,4.5 11 отзывов
Ikon (Nokian Tyres) Autograph Eco 3,https://omsk.shinservice.ru//catalog/ikon-tyres/summer/autograph-eco-3/175-70-R13/82T/?idx=1659687,5 440 ₽,175/70 R13 82T ,4.8 57 отзывов
Ikon (Nokian Tyres) Autograph Eco 3,https://omsk.shinservice.ru//catalog/ikon-tyres/summer/autograph-eco-3/215-55-R16/97V/?idx=1659711,10 670 ₽,215/55 R16 97V XL,4.8 57 отзывов
Kumho Ecsta PS71,https://omsk.shinservice.ru//catalog/kumho/summer/ps71/255-50-R20/109Y/?idx=1316370,20 760 ₽,255/50 R20 109Y XL,4.7 53 отзыва
Ikon (Nokian Tyres) Character Aqua SUV (Nordman S2 SUV),https://omsk.shinservice.ru//catalog/ikon-tyres/summer/character-aqua-suv/215-70-R16/100H/?idx=1918051,9 860 ₽,215/70 R16 100H ,4.8 48 отзывов
Kumho Crugen HP71,https://omsk.shinservice.ru//catalog/kumho/summer/crugen-hp71/235-50-R19/103V/?idx=977239,15 980 ₽,235/50 R19 103V XL,4.3 14 отзывов
Hankook Ventus S1 Evo3 K127 SUV,https://omsk.shinservice.ru//catalog/hankook/summer/ventus-s1-evo3k127-suv/265-35-R22/102Y/?idx=1026890,37 330 ₽,265/35 R22 102Y ,4.5 11 отзывов
Cordiant Gravity SUV,https://omsk.shinservice.ru//catalog/cordiant/summer/cordiant-gravity-suv/215-55-R18/99V/?idx=1919030,9 600 ₽,215/55 R18 99V ,4.0 4 отзыва
Ikon (Nokian Tyres) Autograph Ultra 2 SUV,https://omsk.shinservice.ru//catalog/ikon-tyres/summer/autograph-ultra-2-suv/255-60-R18/112V/?idx=1659768,18 990 ₽,255/60 R18 112V XL,4.8 16 отзывов
Formula Energy,https://omsk.shinservice.ru//catalog/formula/summer/formula_energy/225-60-R18/100H/?idx=1669754,10 590 ₽,225/60 R18 100H ,4.8 102 отзыва
Kumho Ecowing ES31,https://omsk.shinservice.ru//catalog/kumho/summer/ecowing-es31/225-45-R17/91W/?idx=876769,8 660 ₽,225/45 R17 91W ,4.9 55 отзывов
Formula Energy,https://omsk.shinservice.ru//catalog/formula/summer/formula_energy/245-40-R18/97Y/?idx=1866328,11 780 ₽,245/40 R18 97Y XL,4.8 102 отзыва
Kumho Crugen HP71,https://omsk.shinservice.ru//catalog/kumho/summer/crugen-hp71/255-60-R18/108V/?idx=977234,16 310 ₽,255/60 R18 108V ,4.3 14 отзывов
Kumho Ecsta PS71,https://omsk.shinservice.ru//catalog/kumho/summer/ps71/245-50-R20/102V/?idx=1839839,27 120 ₽,245/50 R20 102V ,4.7 53 отзыва
Cordiant Off Road 2,https://omsk.shinservice.ru//catalog/cordiant/summer/off-road-2/215-65-R16/102Q/?idx=1192431,11 070 ₽,215/65 R16 102Q ,5.0 1 отзыв
Hankook Ventus S1 Evo3 K127,https://omsk.shinservice.ru//catalog/hankook/summer/ventus_s1evo3k127/275-30-R20/97Y/?idx=868667,30 750 ₽,275/30 R20 97Y ,4.1 8 отзывов
Kumho Ecowing ES31,https://omsk.shinservice.ru//catalog/kumho/summer/ecowing-es31/165-65-R14/79T/?idx=836466,5 410 ₽,165/65 R14 79T ,4.9 55 отзывов
Pirelli Powergy,https://omsk.shinservice.ru//catalog/pirelli/summer/powergy/225-60-R18/104V/?idx=1669438,14 150 ₽,225/60 R18 104V XL,4.5 39 отзывов
Hankook Ventus S1 Evo3 K127,https://omsk.shinservice.ru//catalog/hankook/summer/ventus_s1evo3k127/245-35-R21/96Y/?idx=868672,28 960 ₽,245/35 R21 96Y ,4.1 8 отзывов
Pirelli Cinturato P7,https://omsk.shinservice.ru//catalog/pirelli/summer/cinturato_p7/205-55-R16/91V/?idx=1669473,6 710 ₽,205/55 R16 91V ,4.9 46 отзывов
Hankook Ventus S1 Evo3 K127 SUV,https://omsk.shinservice.ru//catalog/hankook/summer/ventus-s1-evo3k127-suv/235-50-R18/97V/?idx=1107113,16 640 ₽,235/50 R18 97V ,4.5 11 отзывов
Pirelli Scorpion Zero,https://omsk.shinservice.ru//catalog/pirelli/summer/scorpion_zero/285-45-R21/113W/mo1/?idx=868399,50 160 ₽,285/45 R21 113W XL,Нет оценок Нет отзывов
Hankook Dynapro HPX RA43,https://omsk.shinservice.ru//catalog/hankook/summer/dynapro-hpx-ra43/235-65-R18/110W/?idx=1932295,17 300 ₽,235/65 R18 110W XL,Нет оценок Нет отзывов
Kumho Crugen HP71,https://omsk.shinservice.ru//catalog/kumho/summer/crugen-hp71/245-50-R19/105V/?idx=977241,22 390 ₽,245/50 R19 105V XL,4.3 14 отзывов
Kumho Solus KH17,https://omsk.shinservice.ru//catalog/kumho/summer/solus_kh17/135-80-R13/70T/?idx=659135,4 650 ₽,135/80 R13 70T ,5.0 3 отзыва
Kumho Ecowing ES31,https://omsk.shinservice.ru//catalog/kumho/summer/ecowing-es31/215-65-R15/96H/?idx=876754,8 750 ₽,215/65 R15 96H ,4.9 55 отзывов
Kumho Road Venture AT52,https://omsk.shinservice.ru//catalog/kumho/summer/road-venture-at52/275-65-R18/116T/?idx=1616884,23 810 ₽,275/65 R18 116T ,4.0 3 отзыва
Ikon (Nokian Tyres) Autograph Aqua 3 SUV,https://omsk.shinservice.ru//catalog/ikon-tyres/summer/autograph-aqua-3-suv/215-70-R16/100H/?idx=1659745,11 750 ₽,215/70 R16 100H ,4.9 41 отзыв
Hankook Kinergy 4S2 H750,https://omsk.shinservice.ru//catalog/hankook/summer/kinergy-4s2-h750/215-65-R16/102V/?idx=1384825,9 500 ₽,215/65 R16 102V XL,Нет оценок Нет отзывов
Hankook Ventus S1 Evo2 K117,https://omsk.shinservice.ru//catalog/hankook/summer/ventuss1evo2k117/225-50-R17/98Y/?idx=1932270,12 810 ₽,225/50 R17 98Y XL,Нет оценок Нет отзывов
Ikon (Nokian Tyres) Autograph Ultra 2 SUV,https://omsk.shinservice.ru//catalog/ikon-tyres/summer/autograph-ultra-2-suv/255-55-R18/109Y/?idx=1659769,16 790 ₽,255/55 R18 109Y XL,4.8 16 отзывов
Formula Energy,https://omsk.shinservice.ru//catalog/formula/summer/formula_energy/205-60-R16/92V/?idx=1669764,6 820 ₽,205/60 R16 92V ,4.8 102 отзыва
Cordiant Sport 3,https://omsk.shinservice.ru//catalog/cordiant/summer/sport_3/225-55-R16/95V/?idx=694716,8 270 ₽,225/55 R16 95V ,4.9 41 отзыв
Hankook Dynapro AT2 RF11,https://omsk.shinservice.ru//catalog/hankook/summer/dynapro-at2-rf11/255-55-R19/111H/?idx=929726,23 310 ₽,255/55 R19 111H XL,4.0 1 отзыв
Ikon (Nokian Tyres) Autograph Aqua 3 SUV,https://omsk.shinservice.ru//catalog/ikon-tyres/summer/autograph-aqua-3-suv/245-65-R17/111H/?idx=1659752,17 790 ₽,245/65 R17 111H XL,4.9 41 отзыв
Ikon (Nokian Tyres) Autograph Eco 3,https://omsk.shinservice.ru//catalog/ikon-tyres/summer/autograph-eco-3/205-65-R15/99H/?idx=1659697,7 390 ₽,205/65 R15 99H XL,4.8 57 отзывов
Ikon (Nokian Tyres) Nordman SZ2 (Character Ultra),https://omsk.shinservice.ru//catalog/ikon-tyres/summer/itnordman_sz2/225-45-R18/95W/?idx=1659848,12 880 ₽,225/45 R18 95W XL,4.7 19 отзывов
Torero (Matador) MP-47 Hectorra 3,https://omsk.shinservice.ru//catalog/torero/summer/mp-47/205-60-R16/92H/?idx=1676268,6 890 ₽,205/60 R16 92H ,5.0 1 отзыв
Pirelli Scorpion Verde,https://omsk.shinservice.ru//catalog/pirelli/summer/scorpion_verde/235-55-R17/99V/ao/?idx=671270,21 780 ₽,235/55 R17 99V ,4.9 28 отзывов
Hankook Ventus S1 Evo3 K127,https://omsk.shinservice.ru//catalog/hankook/summer/ventus_s1evo3k127/255-35-R21/98Y/?idx=1112606,30 850 ₽,255/35 R21 98Y XL,4.1 8 отзывов
Hankook Ventus S1 Evo3 K127,https://omsk.shinservice.ru//catalog/hankook/summer/ventus_s1evo3k127/255-45-R19/104Y/?idx=868653,22 860 ₽,255/45 R19 104Y ,4.1 8 отзывов
Hankook Optimo Kinergy Eco 2 K435,https://omsk.shinservice.ru//catalog/hankook/summer/optimo_kinergy_eco2k435/155-65-R14/75T/?idx=1384792,5 170 ₽,155/65 R14 75T ,4.1 8 отзывов
Hankook Ventus S1 Evo3 K127 SUV,https://omsk.shinservice.ru//catalog/hankook/summer/ventus-s1-evo3k127-suv/265-45-R20/108Y/?idx=1026860,26 700 ₽,265/45 R20 108Y ,4.5 11 отзывов
Kumho Ecsta PS71,https://omsk.shinservice.ru//catalog/kumho/summer/ps71/265-45-R20/108Y/?idx=1316372,24 580 ₽,265/45 R20 108Y XL,4.7 53 отзыва
Kumho Ecowing ES31,https://omsk.shinservice.ru//catalog/kumho/summer/ecowing-es31/145-80-R13/75T/?idx=836463,5 330 ₽,145/80 R13 75T ,4.9 55 отзывов
Kumho Ecsta PS71,https://omsk.shinservice.ru//catalog/kumho/summer/ps71/285-65-R17/116H/?idx=1615442,16 280 ₽,285/65 R17 116H ,4.7 53 отзыва
Pirelli Powergy,https://omsk.shinservice.ru//catalog/pirelli/summer/powergy/245-40-R18/97Y/?idx=1669420,14 540 ₽,245/40 R18 97Y XL,4.5 39 отзывов
Kumho Ecsta PS71,https://omsk.shinservice.ru//catalog/kumho/summer/ps71/225-45-R18/91Y/?idx=836506,16 500 ₽,225/45 R18 91Y ,4.7 53 отзыва
Kumho ECSTA PS91,https://omsk.shinservice.ru//catalog/kumho/summer/ecstaps91/225-45-R18/95Y/?idx=692727,13 520 ₽,225/45 R18 95Y XL,4.9 18 отзывов
Pirelli Cinturato P1,https://omsk.shinservice.ru//catalog/pirelli/summer/cinturato_p1/185-65-R14/86H/?idx=1669490,6 090 ₽,185/65 R14 86H ,4.9 25 отзывов
Hankook Optimo Kinergy Eco 2 K435,https://omsk.shinservice.ru//catalog/hankook/summer/optimo_kinergy_eco2k435/215-65-R15/96H/?idx=671622,9 350 ₽,215/65 R15 96H ,4.1 8 отзывов
Kumho Road Venture MT51,https://omsk.shinservice.ru//catalog/kumho/summer/road-venture-mt51/245-70-R17/119-116Q/?idx=1616699,18 940 ₽,245/70 R17 119/116Q ,Нет оценок Нет отзывов
Kumho Ecsta PS71,https://omsk.shinservice.ru//catalog/kumho/summer/ps71/245-40-R20/99Y/?idx=812503,22 590 ₽,245/40 R20 99Y XL,4.7 53 отзыва
Pirelli Scorpion Verde All Season,https://omsk.shinservice.ru//catalog/pirelli/summer/scorpion_verde_all_season/245-50-R20/102V/?idx=1665788,24 670 ₽,245/50 R20 102V ,4.9 11 отзывов
Ikon (Nokian Tyres) Autograph Aqua 3 SUV,https://omsk.shinservice.ru//catalog/ikon-tyres/summer/autograph-aqua-3-suv/225-70-R16/103H/?idx=1659746,12 820 ₽,225/70 R16 103H ,4.9 41 отзыв
Pirelli P ZERO PZ4 SPORTS CAR,https://omsk.shinservice.ru//catalog/pirelli/summer/p-zero-pz4-sport-car/325-30-R21/108Y/n0/?idx=1665768,58 320 ₽,325/30 R21 108Y XL,5.0 10 отзывов
Hankook Ventus S1 Evo3 K127 SUV,https://omsk.shinservice.ru//catalog/hankook/summer/ventus-s1-evo3k127-suv/285-40-R20/108Y/?idx=1026867,32 220 ₽,285/40 R20 108Y ,4.5 11 отзывов
Ikon (Nokian Tyres) Autograph Eco 3,https://omsk.shinservice.ru//catalog/ikon-tyres/summer/autograph-eco-3/165-70-R14/81T/?idx=1659688,5 840 ₽,165/70 R14 81T ,4.8 57 отзывов
Kumho Crugen HP71,https://omsk.shinservice.ru//catalog/kumho/summer/crugen-hp71/235-60-R16/100V/?idx=977202,11 970 ₽,235/60 R16 100V ,4.3 14 отзывов
Kumho Ecsta PS71,https://omsk.shinservice.ru//catalog/kumho/summer/ps71/235-55-R19/101Y/?idx=876812,16 640 ₽,235/55 R19 101Y ,4.7 53 отзыва
Cordiant Comfort 2,https://omsk.shinservice.ru//catalog/cordiant/summer/comfort_2/215-50-R17/95H/?idx=837959,8 040 ₽,215/50 R17 95H ,4.4 46 отзывов
Hankook Ventus Prime4 K135,https://omsk.shinservice.ru//catalog/hankook/summer/ventus-prime4-k135/215-55-R16/93V/?idx=1384822,10 100 ₽,215/55 R16 93V ,4.8 24 отзыва
Pirelli Powergy,https://omsk.shinservice.ru//catalog/pirelli/summer/powergy/225-55-R17/101Y/?idx=1669453,12 970 ₽,225/55 R17 101Y XL,4.5 39 отзывов
Hankook Ventus S1 Evo3 K127,https://omsk.shinservice.ru//catalog/hankook/summer/ventus_s1evo3k127/225-40-R19/93Y/?idx=1682550,23 840 ₽,225/40 R19 93Y XL,4.1 8 отзывов
Pirelli Scorpion Verde All Season,https://omsk.shinservice.ru//catalog/pirelli/summer/scorpion_verde_all_season/245-55-R19/103V/?idx=1866209,20 900 ₽,245/55 R19 103V ,4.9 11 отзывов
Ikon (Nokian Tyres) Nordman S2 SUV (Character Aqua SUV),https://omsk.shinservice.ru//catalog/ikon-tyres/summer/nordman-s2-suv/255-55-R18/109V/?idx=1659877,13 710 ₽,255/55 R18 109V XL,4.9 45 отзывов
Pirelli Scorpion Verde All Season,https://omsk.shinservice.ru//catalog/pirelli/summer/scorpion_verde_all_season/235-55-R17/99V/?idx=1669451,13 950 ₽,235/55 R17 99V ,4.9 11 отзывов
Hankook Ventus evo K137 SUV,https://omsk.shinservice.ru//catalog/hankook/summer/ventus-evo-k137-suv/295-30-R22/103Y/?idx=1932345,37 620 ₽,295/30 R22 103Y XL,Нет оценок Нет отзывов
Pirelli Powergy,https://omsk.shinservice.ru//catalog/pirelli/summer/powergy/245-45-R19/102Y/?idx=1866207,22 800 ₽,245/45 R19 102Y XL,4.5 39 отзывов
Pirelli Scorpion Verde,https://omsk.shinservice.ru//catalog/pirelli/summer/scorpion_verde/235-55-R19/101V/moe/?idx=807145,29 860 ₽,235/55 R19 101V ,4.9 28 отзывов
Hankook Ventus S1 Evo3 K127,https://omsk.shinservice.ru//catalog/hankook/summer/ventus_s1evo3k127/265-40-R20/104Y/?idx=868666,31 430 ₽,265/40 R20 104Y ,4.1 8 отзывов
Pirelli Powergy,https://omsk.shinservice.ru//catalog/pirelli/summer/powergy/215-55-R18/99V/?idx=1669433,11 960 ₽,215/55 R18 99V XL,4.5 39 отзывов
Kumho HA32 SUV,https://omsk.shinservice.ru//catalog/kumho/summer/ha32suv/215-55-R18/99V/?idx=1038485,14 400 ₽,215/55 R18 99V XL,5.0 1 отзыв
Kumho ECSTA PS91,https://omsk.shinservice.ru//catalog/kumho/summer/ecstaps91/245-35-R18/92Y/?idx=692902,14 670 ₽,245/35 R18 92Y XL,4.9 18 отзывов
Kumho Ecsta HS52,https://omsk.shinservice.ru//catalog/kumho/summer/ecsta-hs52/185-55-R15/82H/?idx=1094905,5 980 ₽,185/55 R15 82H ,5.0 28 отзывов
Pirelli Scorpion All Terrain Plus,https://omsk.shinservice.ru//catalog/pirelli/summer/scorpion-all-terrain-plus/265-60-R18/110H/?idx=1353912,19 290 ₽,265/60 R18 110H XL,5.0 4 отзыва
Kumho Road Venture AT52,https://omsk.shinservice.ru//catalog/kumho/summer/road-venture-at52/255-70-R16/111T/?idx=1615542,13 480 ₽,255/70 R16 111T ,4.0 3 отзыва
Hankook Ventus S1 Evo3 K127 SUV,https://omsk.shinservice.ru//catalog/hankook/summer/ventus-s1-evo3k127-suv/285-45-R19/111Y/?idx=1026852,25 790 ₽,285/45 R19 111Y ,4.5 11 отзывов
Torero (Matador) MP-47 Hectorra 3,https://omsk.shinservice.ru//catalog/torero/summer/mp-47/205-70-R15/96H/?idx=1676266,7 620 ₽,205/70 R15 96H ,5.0 1 отзыв
Kumho Crugen HP91,https://omsk.shinservice.ru//catalog/kumho/summer/crugenhp91/255-65-R17/110V/?idx=692672,14 790 ₽,255/65 R17 110V ,5.0 18 отзывов
Ikon (Nokian Tyres) Character Aqua SUV (Nordman S2 SUV),https://omsk.shinservice.ru//catalog/ikon-tyres/summer/character-aqua-suv/235-50-R19/99V/?idx=1918075,15 800 ₽,235/50 R19 99V ,4.8 48 отзывов
Ikon (Nokian Tyres) Nordman SX3 (Character Eco),https://omsk.shinservice.ru//catalog/ikon-tyres/summer/nordman-sx3/175-70-R14/84T/?idx=1659817,4 640 ₽,175/70 R14 84T ,4.8 58 отзывов
Pirelli Scorpion Verde All Season,https://omsk.shinservice.ru//catalog/pirelli/summer/scorpion_verde_all_season/245-55-R19/103V/?idx=1866209,20 900 ₽,245/55 R19 103V ,4.9 11 отзывов
Cordiant Comfort 2 SUV,https://omsk.shinservice.ru//catalog/cordiant/summer/comfort_2_suv/255-55-R18/109H/?idx=837973,11 260 ₽,255/55 R18 109H ,4.8 20 отзывов
Pirelli P Zero Gen-2,https://omsk.shinservice.ru//catalog/pirelli/summer/pzero_gen2/225-45-R18/95Y/?idx=820015,28 980 ₽,225/45 R18 95Y XL,5.0 6 отзывов
Cordiant All Terrain,https://omsk.shinservice.ru//catalog/cordiant/summer/cordiant_all_terrain/215-70-R16/100H/?idx=694715,9 570 ₽,215/70 R16 100H ,5.0 2 отзыва
Torero (Matador) MP-82 CONQUERRA 2,https://omsk.shinservice.ru//catalog/torero/summer/mp82-conquerra-2/215-60-R17/96H/?idx=1676277,9 570 ₽,215/60 R17 96H ,Нет оценок Нет отзывов
Hankook Optimo Kinergy Eco 2 K435,https://omsk.shinservice.ru//catalog/hankook/summer/optimo_kinergy_eco2k435/175-70-R14/88T/?idx=1384796,5 570 ₽,175/70 R14 88T XL,4.1 8 отзывов
Hankook Optimo Kinergy Eco 2 K435,https://omsk.shinservice.ru//catalog/hankook/summer/optimo_kinergy_eco2k435/195-65-R15/95T/?idx=1682474,6 200 ₽,195/65 R15 95T XL,4.1 8 отзывов
Pirelli Scorpion Verde All Season,https://omsk.shinservice.ru//catalog/pirelli/summer/scorpion_verde_all_season/245-50-R20/102V/?idx=1665788,24 670 ₽,245/50 R20 102V ,4.9 11 отзывов
